family,sample,n_qubits,init,optimizer,target_energy,final_energy,final_energy_error,circuit_evals_total_budget,steps_to_threshold,evals_to_threshold
xyz,sample_1788,4,gnn,gradient_descent,-7.2000000000000135,-7.195949953668646,0.004050046331367518,4950,28.0,2772.0
xyz,sample_1788,4,gnn,qngd,-7.2000000000000135,-7.1984605048325365,0.0015394951674769786,5450,30.0,3270.0
xyz,sample_1788,4,random,gradient_descent,-7.2000000000000135,-7.1999999800072985,1.99927150390522e-08,4950,24.0,2376.0
xyz,sample_1788,4,random,qngd,-7.2000000000000135,-7.199999745286457,2.547135569130887e-07,5450,21.0,2289.0
xyz,sample_750,4,gnn,gradient_descent,-8.687966806346914,-7.909295099168016,0.7786717071788978,4950,,
xyz,sample_750,4,gnn,qngd,-8.687966806346914,-7.909111306792771,0.778855499554143,5450,,
xyz,sample_750,4,random,gradient_descent,-8.687966806346914,-7.866021343806599,0.8219454625403149,4950,,
xyz,sample_750,4,random,qngd,-8.687966806346914,-7.921269485688516,0.7666973206583982,5450,,
fh,sample_950,4,gnn,gradient_descent,-2.4948016853928894,-1.148176948399117,1.3466247369937723,8250,,
fh,sample_950,4,gnn,qngd,-2.4948016853928894,-1.1474331724100924,1.347368512982797,8750,,
fh,sample_950,4,random,gradient_descent,-2.4948016853928894,-1.9644618737900055,0.5303398116028839,8250,,
fh,sample_950,4,random,qngd,-2.4948016853928894,-1.7257399076052173,0.769061777787672,8750,,
fh,sample_521,4,gnn,gradient_descent,-8.69689069078737,-4.057837335464288,4.639053355323083,8250,,
fh,sample_521,4,gnn,qngd,-8.69689069078737,-4.055458238450768,4.641432452336602,8750,,
fh,sample_521,4,random,gradient_descent,-8.69689069078737,-8.64959558961368,0.04729510117368996,8250,30.0,4950.0
fh,sample_521,4,random,qngd,-8.69689069078737,-8.635669843381086,0.06122084740628431,8750,,
fh,sample_818,6,gnn,gradient_descent,-4.383030305696657,-2.1198714678507127,2.2631588378459444,12250,,
fh,sample_818,6,gnn,qngd,-4.383030305696657,-2.1151071420208494,2.2679231636758077,12950,,
fh,sample_818,6,random,gradient_descent,-4.383030305696657,-2.2710602071475163,2.1119700985491408,12250,,
fh,sample_818,6,random,qngd,-4.383030305696657,-2.311661671226231,2.071368634470426,12950,,
fh,sample_332,6,gnn,gradient_descent,-11.05635429401916,-7.906368614309135,3.149985679710025,12250,,
fh,sample_332,6,gnn,qngd,-11.05635429401916,-7.3413746089728145,3.7149796850463455,12950,,
fh,sample_332,6,random,gradient_descent,-11.05635429401916,-8.357982090842912,2.6983722031762483,12250,,
fh,sample_332,6,random,qngd,-11.05635429401916,-8.364241136790003,2.692113157229157,12950,,
fh,sample_219,8,gnn,gradient_descent,-10.743849553658992,-5.400993423614881,5.342856130044111,16250,,
fh,sample_219,8,gnn,qngd,-10.743849553658992,-5.403801414128353,5.340048139530639,17150,,
fh,sample_219,8,random,gradient_descent,-10.743849553658992,-7.836869980906043,2.906979572752949,16250,,
fh,sample_219,8,random,qngd,-10.743849553658992,-7.898219635559768,2.845629918099224,17150,,
fh,sample_667,8,gnn,gradient_descent,-19.811962694449154,-8.925167896130082,10.886794798319071,16250,,
fh,sample_667,8,gnn,qngd,-19.811962694449154,-8.870567975650047,10.941394718799106,17150,,
fh,sample_667,8,random,gradient_descent,-19.811962694449154,-15.48669847885495,4.325264215594203,16250,,
fh,sample_667,8,random,qngd,-19.811962694449154,-15.540782270994432,4.271180423454721,17150,,
ti,sample_531,8,gnn,gradient_descent,-39.57738642889391,-38.66272508798154,0.9146613409123674,9750,,
ti,sample_531,8,gnn,qngd,-39.57738642889391,-38.658021840267004,0.9193645886269053,10650,,
ti,sample_531,8,random,gradient_descent,-39.57738642889391,-38.681391898269766,0.8959945306241437,9750,,
ti,sample_531,8,random,qngd,-39.57738642889391,-38.68118259145431,0.8962038374396002,10650,,
ti,sample_807,8,gnn,gradient_descent,-40.28554185981811,-38.46762596454606,1.8179158952720513,9750,,
ti,sample_807,8,gnn,qngd,-40.28554185981811,-39.912659508969334,0.3728823508487764,10650,,
ti,sample_807,8,random,gradient_descent,-40.28554185981811,-39.92561948844389,0.3599223713742177,9750,,
ti,sample_807,8,random,qngd,-40.28554185981811,-39.93519454423406,0.3503473155840524,10650,,
