family,sample,n_qubits,n_params,optimizer,target_energy,target_kind,vqezy_reference,final_energy,final_energy_error,circuit_evals,steps_to_threshold,wall_clock_s
xyz,sample_0,4,16,gradient_descent,-10.848511654167662,exact,-9.0,-9.575115033138127,1.2733966210295353,4950,,3.809050899988506
xyz,sample_0,4,16,qngd,-10.848511654167662,exact,-9.0,-9.542425939923765,1.3060857142438973,5450,,4.764395000005607
xyz,sample_1,4,16,gradient_descent,-8.707941052826484,exact,-8.699999809265137,-8.70143874906272,0.006502303763763706,4950,26.0,3.742179599998053
xyz,sample_1,4,16,qngd,-8.707941052826484,exact,-8.699999809265137,-8.690360908207495,0.01758014461898938,5450,33.0,5.9504803000018
xyz,sample_2,4,16,gradient_descent,-9.845206709433375,exact,-6.900000095367432,-8.168520144774202,1.6766865646591729,3300,,3.8470585999893956
xyz,sample_2,4,16,qngd,-9.845206709433375,exact,-6.900000095367432,-8.15636930220529,1.6888374072280854,3800,,5.562715899985051
fh,sample_0,4,16,gradient_descent,-7.791903725453089,exact,-2.1500000953674316,-7.74933096749392,0.04257275795916904,8250,34.0,3.906150800001342
fh,sample_0,4,16,qngd,-7.791903725453089,exact,-2.1500000953674316,-7.7466070891820955,0.04529663627099367,8750,42.0,4.594672500010347
fh,sample_1,4,16,gradient_descent,-6.451704325399613,exact,-1.5067721605300903,-6.447394804833004,0.004309520566609493,8250,26.0,3.790933899988886
fh,sample_1,4,16,qngd,-6.451704325399613,exact,-1.5067721605300903,-6.441302517866923,0.010401807532690377,8750,31.0,7.2870972999953665
fh,sample_0,6,24,gradient_descent,-8.659988551583465,exact,-2.5970020294189453,-6.730414940975613,1.9295736106078527,12250,,9.468294899998
fh,sample_0,6,24,qngd,-8.659988551583465,exact,-2.5970020294189453,-6.7521657804574735,1.9078227711259919,12950,,10.297609000001103
fh,sample_1,6,24,gradient_descent,-8.75078642202758,exact,-3.5,-6.001026061919424,2.749760360108157,12250,,7.7911219999950845
fh,sample_1,6,24,qngd,-8.75078642202758,exact,-3.5,-6.079412643852058,2.6713737781755222,12950,,9.765619200014044
fh,sample_0,8,32,gradient_descent,-16.249432089273576,exact,-5.259115219116211,-13.04490069873338,3.204531390540195,16250,,13.929215799988015
fh,sample_0,8,32,qngd,-16.249432089273576,exact,-5.259115219116211,-12.70269063637453,3.5467414528990453,17150,,23.63643020001473
ti,sample_0,8,32,gradient_descent,-26.060576404940264,exact,-24.801843643188477,-24.920111150727664,1.1404652542126001,9750,,13.722245100012515
ti,sample_0,8,32,qngd,-26.060576404940264,exact,-24.801843643188477,-24.95034286592674,1.1102335390135245,10650,,17.412056900007883
ti,sample_1,8,32,gradient_descent,-23.27023859011364,exact,-22.850618362426758,-22.867472835666582,0.4027657544470564,9750,,12.114865200011991
ti,sample_1,8,32,qngd,-23.27023859011364,exact,-22.850618362426758,-22.881238989120266,0.3889996009933725,10650,,14.739548500016099
